time,x,y,z,roll,pitch,yaw,framenum,valid
0.400431,0,0,0,0,-0,0,0,0
7.019607,0.00546134,-0.0138334,-0.01937,-0.00180535,-0.0131715,0.00877646,0,0
12.618434,0.0104685,-0.0783204,-0.0190899,-0.00237853,-0.0132042,0.0511207,1,0
