time,x,y,z,roll,pitch,yaw
0.333692,0,0,0,0,-0,0,0
3.377374,-0.00957488,0.00701543,-0.00948071,-0.00921201,-0.00634976,0.007912,0
11.254613,-0.00660975,-8.63182e-05,-0.000815215,0.00010359,-0.00232473,0.00738073,1
