time,x,y,z,roll,pitch,yaw
0.400431,0,0,0,0,-0,0,0
4.742656,-0.00331462,-0.00205529,0.00188135,0.00168236,0.00193785,-0.0486227,0
4.876514,0.00379188,-0.0104396,-0.00189681,-0.00247302,-0.00170905,-0.0261641,1
4.943443,0.00636905,-0.0095932,0.00193645,-0.00117175,0.000684044,-0.00359881,2
4.976907,0.00527697,-0.0075345,0.00792403,-0.00021427,0.00508294,0.0170313,3
5.043836,0.00767285,-0.00677516,0.00958749,-0.0016245,0.00619781,0.0385823,4
5.177694,0.00860675,-0.0146565,0.00705532,0.000621894,0.00358401,0.0560469,5
